ID:Integer:set:pk=true; CODIGO:Integer; DESCRIPCION:String:set:size=200
10010;1001;"Acetileno disuelto"
10020;1002;"Aire comprimido"
10030;1003;"Aire líquido, refrigerado"
10050;1005;"Amoníaco anhidro"
10060;1006;"Argón comprimido"
10080;1008;"Fluoruro de boro"
10081;1008;"Trifluoruro de boro comprimido"
10090;1009;"Bromotrifluorometano (R 13 B1)"
10100;1010;"1,2-Butadieno inhibido"
10101;1010;"1,3-Butadieno inhibido"
10102;1010;"Mezclas de 1,3-butadieno e hidrocarburos, inhibidos"
10110;1011;"Butano"
10120;1012;"1-Butileno"
10121;1012;"2-cis-Butileno"
10122;1012;"2-trans-Butileno"
10123;1012;"Butileno en mezcla"
10130;1013;"Dióxido de carbono"
10140;1014;"Dióxido de carbono y oxígeno en mezcla, comprimidos (máximo 30% de dióxido de carbono)"
10150;1015;"Dióxido de carbono y óxido nitroso en mezcla"
10160;1016;"Monoxido de carbono comprimido"
10170;1017;"Cloro"
10180;1018;"Clorodifluorometano (R 22)"
10200;1020;"Cloropentafluoretano (R 115)"
10210;1021;"1-Cloro-1,2,2,2 tetrafuoroetano (R.124)"
10220;1022;"Clorotrifluorometano (R 13)"
10230;1023;"Gas de hulla, comprimido"
10260;1026;"Cianógeno"
10270;1027;"Ciclopropano"
10280;1028;"Diclorodifluorometano (R 12)"
10290;1029;"Diclorofluorometano (R 21)"
10300;1030;"1,1-Difluororetano (R 152 a)"
10320;1032;"Dimetilamina anhidra"
10330;1033;"Etermetílico"
10350;1035;"Etano"
10360;1036;"Etilamina"
10370;1037;"Cloruro de etilo"
10380;1038;"Etileno líquido refrigerado"
10390;1039;"Etermetiletílico"
10400;1040;"Oxido de etileno con nitrógeno a presión máxima total de 1 Mpa (10 bar) a 50ÂºC"
10410;1041;"Oxido de etileno y dióxido de carbono en mezcla"
10460;1046;"Helio comprimido"
10480;1048;"Bromuro de hidrógeno anhidro"
10490;1049;"Hidrógeno comprimido"
10500;1050;"Cloruro de hidrógeno anhidro"
10520;1052;"Fluoruro de hidrógeno anhidro"
10530;1053;"Sulfuro de hidrógeno"
10550;1055;"Isobutileno"
10560;1056;"Kriptón comprimido"
10580;1058;"Gases licuados no inflamables, con nitrógeno, dióxido de carbono o aire"
10600;1060;"Metilacetileno y propadieno en mezcla estabilizada"
10601;1060;"Mezcla P1, P2: ver Metilacetileno y propadieno en mezcla estabilizada"
10610;1061;"Metilamina anhidra"
10620;1062;"Bromuro de metilo"
10630;1063;"Cloruro de metilo (R40)"
10640;1064;"Metilmercaptano"
10650;1065;"Neon comprimido"
10660;1066;"Nitrógeno comprimido"
10670;1067;"Dióxido de nitrógeno NO2"
10671;1067;"Tetróxido de dinitrógeno (dióxido de nitrógeno"
10702;1070;"Hemióxido de nitrógeno (N2O)"
10703;1070;"Oxido nitroso"
10710;1071;"Gas de petroleo comprimido"
10720;1072;"Oxigeno comprimido"
10730;1073;"Oxigeno líquido, refrigerado"
10750;1075;"Gases de petroleo licuados"
10760;1076;"Fosgeno"
10770;1077;"Propileno"
10780;1078;"Mezclas F1, F2, F3: ver Gas frigorífico, n.e.p."
10790;1079;"Dióxido de azufre"
10800;1080;"Hexafluoruro de azufre"
10810;1081;"Tetrafluoroetileno inhibido"
10820;1082;"Trifluorcloroetilenoinhibido"
10830;1083;"Trimetilamina anhidra"
10850;1085;"Bromuro de vinilo inhibido"
10860;1086;"Cloruro de vinilo estabilizado o Cloruro de vinilo inhibido"
10870;1087;"Eter metilvinílico"
10871;1087;"Vinil metil eter inhibido"
10880;1088;"Acetal"
10890;1089;"Acetaldehído"
10900;1090;"Acetona"
10910;1091;"Aceites de acetona"
10920;1092;"Acroleína inhibida"
10930;1093;"Acrilonitrilo inhibido"
10980;1098;"Alcohol alílico"
10990;1099;"Bromuro de alilo"
11000;1100;"Cloruro de alilo"
11040;1104;"Acetato de amilo"
11050;1105;"Alcoholes amílicos"
11060;1106;"Amilamina (N-amilamina, terc-amilamina)"
11061;1106;"Amilamina (sec-amilamina)"
11070;1107;"Cloruro de amilo"
11080;1108;"1-Penteno (n-amileno)"
11090;1109;"Formiatos de amilo"
11100;1110;"n-Amilmetilcetona"
11110;1111;"Amilmercaptano"
11120;1112;"Nitratos de amilo"
11130;1113;"Nitrito de amilo"
11140;1114;"Benceno"
11200;1120;"Butanoles"
11230;1123;"Acetatos de butilo"
11250;1125;"n-Butilamina"
11260;1126;"1-Bromobutano"
11261;1126;"n-Butilo Bromuro"
11270;1127;"Clorobutanos"
11280;1128;"Formiato de n-butilo"
11290;1129;"Butiraldehido"
11300;1130;"Aceite de alcanfor"
11310;1131;"Disulfuro de carbono (sulfuro de carbono)"
11311;1131;"Sulfuro de carbono"
11330;1133;"Adhesivos"
11340;1134;"Clorobenceno"
11350;1135;"Etilenclorhidrina"
11360;1136;"Destilados de alquitrán de hulla"
11390;1139;"Soluciones para revestimientos"
11430;1143;"Crotonaldehído estabilizado"
11440;1144;"Crotonileno"
11450;1145;"Ciclohexano"
11460;1146;"Ciclopentano"
11470;1147;"Decahidronaftaleno"
11480;1148;"Diacetona-alcohol técnico"
11481;1148;"Diacetona-alcohol, químicamente puro"
11490;1149;"Eteres butílicos"
11500;1150;"1,2-Dicloroetileno"
11520;1152;"Dicloropentanos"
11530;1153;"Eter dietílico de etilenglicol"
11540;1154;"Dietilamina"
11550;1155;"Eter dietílico (eter etílico)"
11551;1155;"Eter etílico"
11560;1156;"Dietilcetona"
11570;1157;"Diisobutilcetona"
11580;1158;"Diisopropilamina"
11590;1159;"Eter diisopropílico"
11600;1160;"Dimetilamina, soluciones acuosas"
11610;1161;"Carbonato metílico"
11620;1162;"Dimetildiclorosilano"
11630;1163;"Dimetil hidracina asimétrica"
11640;1164;"Sulfuro de metilo"
11650;1165;"Dioxano"
11660;1166;"Dioxolano"
11670;1167;"Eter vinílico inhibido"
11690;1169;"Extractos aromáticos líquidos"
11700;1170;"Alcohol etílico y sus soluciones acuosas que contengan más de 70% de alcohol"
11701;1170;"Alcohol etílico, soluciones acuosas de, una concentración de 24% a 70% inclusive"
11710;1171;"Eter monoetílico de etilenglicol"
11720;1172;"Acetato de éter monoetílico de etilenglicol"
11730;1173;"Acetato de etilo"
11750;1175;"Etilbenceno"
11760;1176;"Borato de etilo"
11770;1177;"Acetato de etil butilo"
11780;1178;"2-Aldehído etilbutírico"
11790;1179;"Eter etilbutílico"
11800;1180;"Butirato de etilo"
11810;1181;"Cloroacetato de etilo"
11820;1182;"Cloroformiato de etilo"
11830;1183;"Etildiclorosilano"
11840;1184;"Dicloruro de etileno"
11850;1185;"Etilenimina inhibida"
11880;1188;"Eter monometílico de etilenglicol"
11890;1189;"Acetato de éter monometílico de etilenglicol"
11900;1190;"Formiato de etilo"
11910;1191;"Aldehídos octílicos (etilhexaldehídos)"
11920;1192;"Lactato de etilo"
11930;1193;"Etilmetilcetona (metiletilcetona)"
11940;1194;"Nitrito de etilo en solución"
11950;1195;"Propionato de etilo"
11960;1196;"Etiltriclorosilano"
11970;1197;"Extractos aromatizantes líquidos"
11980;1198;"Formaldehídos, soluciones inflamables"
11990;1199;"Furaldehidos"
12010;1201;"Aceite de fusel"
12020;1202;"Aceite mineral para caldeo ligero"
12021;1202;"Combustibles para motores diesel"
12022;1202;"Gasóleo"
12030;1203;"Gasolina"
12060;1206;"Heptanos"
12070;1207;"Hexaldehído"
12080;1208;"Hexanos"
12100;1210;"Tintas de imprenta"
12120;1212;"Isobutanol (Alcohol isobutílico)"
12130;1213;"Acetato de isobutilo"
12140;1214;"Isobutilamina"
12160;1216;"Isooctenos"
12180;1218;"Isopreno inhibido"
12190;1219;"Isopropanol (alcohol isopropílico)"
12200;1220;"Acetato de isopropilo"
12210;1221;"Isopropilamina"
12230;1223;"Queroseno"
12290;1229;"Oxido de mesitilo"
12300;1230;"Metanol"
12310;1231;"Acetato de metilo"
12330;1233;"Acetato de metilamilo"
12340;1234;"Metilal"
12350;1235;"Metilamina, soluciones acuosas"
12370;1237;"Butirato de metilo"
12380;1238;"Cloroformiato de metilo"
12390;1239;"Metil clorometil eter"
12420;1242;"Metildiclorosilano"
12430;1243;"Formiato de metilo"
12440;1244;"Metilhidracina"
12450;1245;"Metilisobutilcetona"
12460;1246;"Metilisopropenilcetona inhibida"
12470;1247;"Metacrilato de metilo monomero estabilizado"
12480;1248;"Propionato de metilo"
12490;1249;"Metilpropilcetona"
12500;1250;"Metiltriclorosilano"
12510;1251;"Metilvinilcetona estabilizada"
12590;1259;"Níquel carbonilo"
12620;1262;"Octanos"
12630;1263;"Pinturas o productos para pinturas"
12640;1264;"Paraldehído"
12650;1265;"Pentanos, líquidos"
12660;1266;"Productos de perfumería"
12670;1267;"Petróleo bruto"
12720;1272;"Aceite de pino"
12740;1274;"Alcohol propilico normal (n-propanol)"
12741;1274;"n-Propanol (alcohol propílico normal)"
12750;1275;"Propionaldehido"
12760;1276;"Acetato de n-propilo"
12770;1277;"Propilamina"
12780;1278;"1-Cloro Propano"
12790;1279;"1,2-Dicloro propano"
12800;1280;"Oxido de propileno"
12810;1281;"Formiatos de propilo"
12820;1282;"Piridina"
12860;1286;"Aceite de colofonia"
12870;1287;"Caucho, disolución"
12880;1288;"Aceite de esquisto"
12890;1289;"Metilato sódico en solución alcohólica"
12920;1292;"Silicato de tetraetilo"
12930;1293;"Tinturas medicinales"
12940;1294;"Tolueno"
12950;1295;"Triclorosilano"
12960;1296;"Trietilamina"
12970;1297;"Trimetilamina en solución acuosa"
12980;1298;"Trimetilclorosilano"
12990;1299;"Trementina"
13000;1300;"Sucedáneo de la trementina"
13010;1301;"Acetato de vinilo inhibido"
13020;1302;"Eter etilvinílico inhibido"
13030;1303;"Cloruro de vinilideno"
13031;1303;"1,1-Dicloroetileno (cloruro de vinilideno) , inhibido"
13040;1304;"Eter isobutilvinílico inhibido"
13050;1305;"Viniltriclorosilano inhibido"
13060;1306;"Productos líquidos para la conservación de la madera"
13070;1307;"Xilenos"
13080;1308;"Circonio en suspensión en un líquido inflamable"
13090;1309;"Aluminio en polvo, recubierto"
13120;1312;"Borneol"
13130;1313;"Resinato cálcico"
13140;1314;"Resinato cálcico fundido"
13180;1318;"Resinato de cobalto, precipitado"
13230;1323;"Ferrocerio"
13260;1326;"Hafnio en polvo, humedecido"
13280;1328;"Hexametilenotetramina"
13300;1330;"Resinato de manganeso"
13320;1332;"Metaldehído"
13340;1334;"Naftaleno bruto o refinado"
13380;1338;"Fósforo amorfo"
13390;1339;"Heptasulfuro de fósforo"
13400;1340;"Pentasulfuro de fósforo"
13410;1341;"Sesquisulfuro de fósforo"
13430;1343;"Trisulfuro de fósforo"
13450;1345;"Desechos de caucho o recortes"
13460;1346;"Silicio en polvo, amorfo"
13500;1350;"Azufre"
13520;1352;"Titanio en polvo, humidificado"
13580;1358;"Circonio, en polvo humidificado"
13610;1361;"Carbón"
13611;1361;"Negro de carbón"
13620;1362;"Carbono activo"
13630;1363;"Copra"
13640;1364;"Desechos grasientos de algodón"
13650;1365;"Algodón húmedo"
13660;1366;"Dietilzinc"
13690;1369;"p-Nitrosodimetilanilina"
13700;1370;"Dimetilzinc"
13760;1376;"Hierro esponjoso agotado"
13761;1376;"Oxido de hierro agotado"
13780;1378;"Catalizador de metal humedificado"
13790;1379;"Papel tratado con aceites no saturados"
13800;1380;"Pentaborano"
13810;1381;"Fósforo blanco o amarillo seco, recubierto de agua o en solución"
13820;1382;"Sulfuro de potasio con menos del 30% de agua de cristalización"
13821;1382;"Sulfuro potásico, anhidro"
13842;1384;"Ditionito sódico (hidrosulfito sódico)"
13843;1384;"Ditironito de sodio (hidrosulfito de sodio)"
13854;1385;"Sulfuro de sodio anhidro"
13855;1385;"Sulfuro de sodio con menos del 30% de agua"
13860;1386;"Torta oleaginosa"
13890;1389;"Amalgamas de metales alcalinos"
13900;1390;"Amidas de metales alcalinos"
13910;1391;"Dispersiones de metales alcalino-terreos"
13911;1391;"Dispersiones de metales alcalinos"
13920;1392;"Amalgamas de metales alcalinos-terreos"
13940;1394;"Carburo de aluminio"
13950;1395;"Aluminio ferrosilício, en polvo"
13960;1396;"Aluminio en polvo, no recubierto"
13980;1398;"Aluminiosilicio, en polvo no recubierto"
14000;1400;"Bario"
14010;1401;"Calcio"
14020;1402;"Carburo de calcio"
14030;1403;"Cianamida cálcica"
14050;1405;"Siliciuro cálcico"
14070;1407;"Cesio"
14080;1408;"Ferrosilicio"
14150;1415;"Litio"
14170;1417;"Litiosilicio"
14180;1418;"Aleaciones de magnesio en polvo"
14181;1418;"Magnesio en polvo"
14200;1420;"Aleaciones metálicas de potasio"
14220;1422;"Aleaciones de potasio y sodio"
14230;1423;"Rubidio"
14280;1428;"Sodio"
14310;1431;"Metilato sódico"
14350;1435;"Cenizas de zinc"
14360;1436;"Cinc, cenizas"
14361;1436;"Cinc, en polvo"
14370;1437;"Hidruro de circonio"
14380;1438;"Nitrato alumínico"
14390;1439;"Dicromato de amonio"
14420;1442;"Perclorato amónico"
14440;1444;"Persulfato amónico"
14450;1445;"Clorato bárico"
14460;1446;"Nitrato bárico"
14470;1447;"Perclorato bárico"
14480;1448;"Permanganato bárico"
14490;1449;"Peróxido bárico"
14510;1451;"Nitrato de cesio"
14520;1452;"Clorato cálcico"
14530;1453;"Clorito cálcico"
14540;1454;"Nitrato cálcico"
14550;1455;"Perclorato cálcico"
14560;1456;"Permanganato cálcico"
14570;1457;"Peróxido cálcico"
14580;1458;"Clorato y borato, mezclas de"
14590;1459;"Clorato y cloruro de magnesio, mezclas de"
14630;1463;"Trióxido de cromo, anhidro"
14650;1465;"Nitrato de didimio"
14660;1466;"Nitrato férrico"
14670;1467;"Nitrato de guanídina"
14690;1469;"Nitrato de plomo"
14700;1470;"Perclorato de plomo"
14710;1471;"Hipoclorito de litio en mezcla o seco"
14720;1472;"Peróxido de litio"
14730;1473;"Bromato de magnesio"
14740;1474;"Nitrato de magnesio"
14750;1475;"Perclorato magnésico"
14760;1476;"Peróxido magnésico"
14840;1484;"Bromato de potasio"
14850;1485;"Clorato potásico"
14860;1486;"Nitrato potásico"
14870;1487;"Nitrato potásico y nitrito sódico, mezclas de"
14880;1488;"Nitrito potásico"
14890;1489;"Perclorato potásico"
14900;1490;"Permanganato potásico"
14920;1492;"Persulfato potásico"
14930;1493;"Nitrato de plata"
14940;1494;"Bromato de sodio"
14950;1495;"Clorato sódico"
14960;1496;"Clorito sódico"
14980;1498;"Nitrato sódico"
14990;1499;"Nitrato sódico y nitrato potásico, mezclas de"
15000;1500;"Nitrito sódico"
15020;1502;"Perclorato sódico"
15030;1503;"Permanganato sódico"
15050;1505;"Persulfato sódico"
15060;1506;"Clorato de estroncio"
15070;1507;"Nitrato de estroncio"
15080;1508;"Perclorato de estroncio"
15090;1509;"Peróxido de estroncio"
15100;1510;"Tetranitrometano"
15110;1511;"Urea-agua oxigenada"
15120;1512;"Nitrito de zinc y amonio"
15130;1513;"Clorato de zinc"
15140;1514;"Nitrato de zinc"
15150;1515;"Permanganato de zinc"
15160;1516;"Peróxido de zinc"
15410;1541;"Cianhidrina de acetona estabilizada"
15450;1545;"Isotiocianato de alilo inhibido"
15460;1546;"Arseniato amónico"
15470;1547;"Anilina"
15480;1548;"Clorhidrato de anilina"
15500;1550;"Lactato de antimonio"
15510;1551;"Tartrato de amonio y potasio"
15530;1553;"Acido arsénico líquido"
15540;1554;"Acido arsénico sólido"
15550;1555;"Bromuro de arsénico"
15580;1558;"Arsenico"
15590;1559;"Pentóxido de arsénico"
15600;1560;"Tricloruro de arsénico"
15610;1561;"Trióxido de arsénico"
15620;1562;"Polvo arsenical"
15670;1567;"Berilio en polvo"
15690;1569;"Bromoacetona"
15700;1570;"Brucina"
15720;1572;"Acido cacodilico"
15730;1573;"Arseniato de calcio"
15740;1574;"Arseniato cálcico y arsenito en mezcla sólida"
15770;1577;"Clorodinitrobenceno"
15780;1578;"Cloronitrobencenos"
15790;1579;"Clorhidrato de 4-cloro-0-toluidina"
15800;1580;"Cloropicrina"
15810;1581;"Mezclas de bromuro de metilo y de cloropicrina"
15820;1582;"Mezclas de cloruro de metilo y de cloropicrina"
15850;1585;"Aceto arsenito de cobre"
15860;1586;"Arsenito de cobre"
15870;1587;"Cianuro de cobre"
15900;1590;"Dicloroanilinas"
15910;1591;"o-Diclorobenceno"
15930;1593;"Diclorometano"
15940;1594;"Sulfato dietílo"
15950;1595;"Sulfato dimetílo"
15960;1596;"Dinitroanilinas"
15970;1597;"Dinitrobencenos"
15980;1598;"Dinitro-o-cresol"
15990;1599;"Dinitrofenol en solución"
16000;1600;"Dinitrotoluenos, fundidos"
16030;1603;"Bromoacetato de etilo"
16040;1604;"Etilendiamina"
16050;1605;"Dibromuro de etileno"
16060;1606;"Arseniato férrico"
16070;1607;"Arsenito férrico"
16080;1608;"Arseniato ferroso"
16110;1611;"Tetrafosfato de hexaetilo"
16120;1612;"Tetrafosfato de hexaetilo y gas comprimido en mezcla"
16130;1613;"Acido cianhídrico, (cianuro de hidrógeno, en solucion acuosa)"
16160;1616;"Acetato de plomo"
16170;1617;"Arseniato de plomo"
16180;1618;"Arsenito de plomo"
16200;1620;"Cianuro de plomo"
16210;1621;"Púrpura de Londres"
16220;1622;"Arseniato de magnesio"
16230;1623;"Arseniato de mercurio"
16240;1624;"Cloruro mercúrico"
16250;1625;"Nitrato de mercurio"
16270;1627;"Nitrato mercuroso"
16290;1629;"Acetato mercúrico"
16300;1630;"Cloruro de mercurio y amonio"
16310;1631;"Benzoato de mercurio"
16340;1634;"Bromuros de mercurio"
16360;1636;"Cianuro de mercurio"
16370;1637;"Gluconato de mercurio"
16380;1638;"Yoduro de mercurio"
16390;1639;"Nucleato de mercurio"
16400;1640;"Oleato de mercurio"
16410;1641;"Oxido de mercurio"
16420;1642;"Oxicianuro de mercurio, desensibilizado"
16430;1643;"Yoduro de mercurio y potasio"
16440;1644;"Salicilato de mercurio"
16450;1645;"Sulfato de mercurio"
16460;1646;"Tiocianato de mercurio"
16470;1647;"Bromuro de metilo y dibromuro de etileno en mezcla líquida"
16480;1648;"Acetonitrilo"
16490;1649;"Mezcla antidetonante para combustibles de motores"
16500;1650;"beta-Naftilamina"
16510;1651;"Naftiltiourea"
16520;1652;"Naftilurea"
16530;1653;"Cianuro de niquel"
16540;1654;"Nicotina"
16560;1656;"Clorhidrato de nicotina o Clorhidrato de nicotina en solución"
16570;1657;"Salicilato de nicotina"
16580;1658;"Sulfato de nicotina en solución"
16581;1658;"Sulfato de nicotina sólido"
16590;1659;"Tartrato de nicotina"
16610;1661;"Nitro-anilinas (o-.m-,p-)"
16620;1662;"Nitrobenceno"
16630;1663;"Nitrofenoles (o-,m-,p-)"
16640;1664;"Nitrotolueno (o-,m-,p-)"
16650;1665;"Nitroxilenos (o-,m-,p-)"
16690;1669;"Pentacloroetano"
16700;1670;"Perclorometilmercaptano"
16710;1671;"Fenol sólido"
16720;1672;"Cloruro de fenilcarbilamina"
16730;1673;"Fenilendiaminas (o-,m-,p-)"
16740;1674;"Acetato de fenilmercurio"
16770;1677;"Arseniato de potasio"
16780;1678;"Arsenito de potasio"
16790;1679;"Cuprocianuro de potasio"
16830;1683;"Arsenito de plata"
16840;1684;"Cianuro de plata"
16850;1685;"Arseniato de sodio"
16860;1686;"Arsenito de sodio, soluciones acuosas"
16880;1688;"Cacodilato de sodio"
16900;1690;"Fluoruro de sodio"
16910;1691;"Arsenito de estroncio"
16920;1692;"Estricnina o sales de estricnina"
16940;1694;"Cianuro de bromobencilo"
16950;1695;"Cloroacetona estabilizada"
16970;1697;"Cloroacetofenona"
16980;1698;"Difenilaminocloroarsina"
16990;1699;"Difenilcloroarsina"
17010;1701;"Bromuro de xililo"
17020;1702;"Tetracloroetano"
17040;1704;"Ditiopirofosfato de tetraetilo"
17080;1708;"Toluidinas"
17090;1709;"Toluilen- 2,4-diaminas"
17100;1710;"Tricloroetileno"
17110;1711;"Xilidinas"
17120;1712;"Arseniato de zinc"
17121;1712;"Arseniato de zinc y arsenito de zinc en mezclas"
17122;1712;"Arsenito de zinc"
17150;1715;"Anhídrido acético"
17160;1716;"Bromuro de acetilo"
17170;1717;"Cloruro de acetilo"
17180;1718;"Fosfato ácido de butilo"
17220;1722;"Cloroformiato de alilo"
17230;1723;"Yoduro de alilo"
17240;1724;"Aliltriclorosilano estabilizado"
17250;1725;"Bromuro de aluminio anhidro"
17260;1726;"Cloruro de aluminio anhidro"
17270;1727;"Hidrogenodifluoruro de amonio sólido"
17280;1728;"Amiltriclorosilano"
17290;1729;"Cloruro de anisoilo"
17300;1730;"Pentacloruro de antimonio líquido"
17310;1731;"Pentacloruro de antimonio, soluciones"
17320;1732;"Pentafluoruro de antimonio"
17330;1733;"Tricloruro de antimonio"
17360;1736;"Cloruro de benzoilo"
17370;1737;"Bromuro de bencilo"
17380;1738;"Cloruro de bencilo"
17390;1739;"Cloroformiato de bencilo"
17420;1742;"Trifluoruro de boro y acido acetico,complejo de"
17430;1743;"Trifluoruro de boro y acido propionico, complejo de"
17440;1744;"Bromo o Bromo en solución"
17450;1745;"Pentafluoruro de bromo"
17460;1746;"Trifluoruro de bromo"
17470;1747;"Butiltriclorosilano"
17480;1748;"Hipoclorito cálcico en mezcla"
17490;1749;"Trifluoruro de cloro"
17500;1750;"Acido cloroacético, en solución"
17510;1751;"Acido cloroacético , sólido"
17520;1752;"Cloruro de cloracetilo"
17530;1753;"Clorofeniltriclorosilano"
17540;1754;"Acido clorosulfónico"
17550;1755;"Acido crómico, soluciones de"
17560;1756;"Fluoruro de cromo, sólido"
17570;1757;"Fluoruro de cromo, soluciones de"
17580;1758;"Cloruro de cromilo (Oxicloruro de cromo)"
17581;1758;"Oxicloruro de cromo (clorurodecromilo)"
17610;1761;"Cuprietilendiamina, soluciones de"
17620;1762;"Ciclohexeniltricloroxilano"
17630;1763;"Ciclohexiltriclorosilano"
17640;1764;"Acido dicloracético"
17650;1765;"Cloruro de dicloracetilo"
17660;1766;"Diclorofeniltriclorosilano"
17670;1767;"Dietildiclorosilano"
17680;1768;"Acido difluorfosfórico anhídro"
17690;1769;"Difenildiclorosilano"
17700;1770;"Bromuro de difenilmetilo"
17710;1771;"Dodeciltriclorosilano"
17730;1773;"Cloruro férrico anhidro"
17750;1775;"Acido fluobórico"
17760;1776;"Acido fluorfosfórico anhidro"
17770;1777;"Acido fluorsulfónico"
17780;1778;"Acido fluosilícico"
17790;1779;"Acido fórmico"
17800;1780;"Cloruro de fumarilo"
17810;1781;"Hexadeciltriclorosilano"
17820;1782;"Acido hexafluorfosfórico"
17830;1783;"Hexametilendiamina, soluciones de"
17840;1784;"Hexiltriclorosilano"
17860;1786;"Acido fluorhídrico y ácido sulfúrico en mezclas"
17870;1787;"Acido iodhídrico,"
17880;1788;"Acido bromhídrico"
17890;1789;"Acido clorhídrico"
17900;1790;"Acido fluorhídrico, soluciones acuosas de, con título mínimo 60% y máximo 85% de ácido fluorhídrico anhidro"
17901;1790;"Acido fluorhídrico, soluciones acuosas de, con título mínimo 85% de ácido fluorhídrico anhidro"
17902;1790;"Acido fluorhídrico, soluciones acuosas de, con título, máximo 60% de ácido fluorhídrico anhidro"
17910;1791;"Hipoclorito en solución"
17920;1792;"Monocloruro de yodo"
17930;1793;"Fosfato ácido de isopropilo"
17940;1794;"Sulfato de plomo con más del 3% de ácido libre"
17960;1796;"Acido nitrante (ácido mixto) con más del 50% de ácido residual"
17961;1796;"Acido nitrante (ácido mixto) con menos del 50% de ácido nítirico"
17990;1799;"Noniltriclorosilano"
18000;1800;"Octadeciltriclorosilano"
18010;1801;"Octiltriclorosilano"
18020;1802;"Acido perclórico, soluciones acuosas"
18030;1803;"Acido fenol-sulfónico líquido"
18040;1804;"Feniltriclorosilano"
18050;1805;"Acido fosfórico"
18060;1806;"Pentacloruro de fósforo"
18070;1807;"Anhídrido fosfórico (pentóxido de fósforo)"
18071;1807;"Pentóxido de fósforo (anhidrido fosfórico)"
18080;1808;"Tribromuro de fósforo"
18090;1809;"Tricloruro de fósforo"
18100;1810;"Oxicloruro de fósforo"
18110;1811;"Hidrogenodifluoruro de potasio"
18120;1812;"Fluoruro de potasio"
18130;1813;"Hidróxido de potasio sólido"
18140;1814;"Hidróxido potásico, soluciones de"
18150;1815;"Cloruro de propionilo"
18160;1816;"Propiltriclorosilano"
18170;1817;"Cloruro de pirosulfurilo"
18180;1818;"Tetracloruro de silicio"
18190;1819;"Aluminato de sodio, en soluciones"
18230;1823;"Hidróxido sódico sólido"
18240;1824;"Hidróxido sódico, soluciones de"
18250;1825;"Monoxido de sodio"
18260;1826;"Acido nitrante mixto, agotado con más del 50% de ácido nítrico"
18261;1826;"Acido nitrante mixto, agotado conteniendo menos del 50 % de acido nitrico"
18270;1827;"Cloruro de estaño anhidro"
18280;1828;"Cloruro de azufre"
18290;1829;"Trióxido de azufre estabilizado o inhibido"
18300;1830;"Acido sulfúrico con más del 51% de ácido"
18310;1831;"Acido sulfúrico fumante"
18320;1832;"Acido sulfúrico agotado"
18330;1833;"Acido sulfuroso"
18340;1834;"Cloruro de sulfurilo"
18350;1835;"Hidróxido de tetrametilamonio"
18360;1836;"Cloruro de tionilo"
18370;1837;"Cloruro de tiofosforilo"
18380;1838;"Tetracloruro de titanio"
18390;1839;"Acido tricloracético"
18400;1840;"Cloruro de zinc soluciones acuosas de"
18410;1841;"Aldehidrato amónico"
18430;1843;"Dinitro-o-cresolato de amonio"
18460;1846;"Tetracloruro de carbono"
18470;1847;"Sulfuro de potasio hidratado"
18480;1848;"Acido propiónico"
18490;1849;"Sulfuro de sodio hidratado con 30% como mínimo de agua de cristalización"
18580;1858;"Hexafluoropropileno (R 1216)"
18590;1859;"Tetrafluoruro de silicio comprimido"
18600;1860;"Fluoruro de vinilo, estabilizado"
18620;1862;"Crotonato de etilo"
18630;1863;"Combustible para motores de turbinas de aviación"
18660;1866;"Resinas, soluciones de"
18680;1868;"Decaborano"
18690;1869;"Aleaciones de magnesio"
18691;1869;"Magnesio"
18710;1871;"Hidruro de titanio"
18720;1872;"Dióxido de plomo"
18730;1873;"Acido perclórido, con un mínimo de 50%, y un máximo de 72% en masa de ácido"
18840;1884;"Oxido de bario"
18850;1885;"Bencidina"
18860;1886;"Cloruro de bencilideno"
18870;1887;"Bromoclorometano"
18880;1888;"Cloroformo"
18890;1889;"Bromuro de cianógeno"
18910;1891;"Bromuro de etilo"
18920;1892;"Etildiclorarsina"
18940;1894;"Hidróxido de fenilmercurio"
18950;1895;"Nitrato de fenil mercurio"
18970;1897;"Tetracloroetileno"
18980;1898;"Yoduro de acetilo"
19020;1902;"Fosfato ácido de diisooctilo"
19060;1906;"Lodos acidos"
19070;1907;"Cal sodada"
19080;1908;"Clorito en solución"
19120;1912;"Cloruro de metilo y cloruro de metileno en mezclas"
19130;1913;"Neón, líquido, refrigerado"
19140;1914;"Propionatos de butilo"
19150;1915;"Ciclohexanona"
19160;1916;"Eter 2,2-Dicloro dietílico"
19170;1917;"Acrilato de etilo inhibido"
19180;1918;"Isopropilbenceno"
19190;1919;"Acrilato de metilo inhibido"
19200;1920;"Nonanos"
19210;1921;"Propilenimina estabilizada"
19220;1922;"Pirrolidina"
19230;1923;"Ditionito cálcico (hidrosulfito cálcico)"
19280;1928;"Bromuro de metil magnesio en eter etílico"
19290;1929;"Ditionito de potasio (hidrosulfito de potasio)"
19291;1929;"Ditionito potásico (hidrosulfito potásico)"
19310;1931;"Ditionito de zinc (hidrosulfito de zinc)"
19320;1932;"Circonio, desechos de"
19380;1938;"Acido bromoacético"
19390;1939;"Oxibromuro de fósforo"
19400;1940;"Acido tioglicólico"
19410;1941;"Dibromodifluorometano"
19420;1942;"Nitrato amónico"
19510;1951;"Argón líquido refrigerado"
19520;1952;"Dióxido de carbono conteniendo un máximo de 35% (peso) de óxido de etileno"
19521;1952;"Mezcla de óxido de etileno y dióxido de carbono con un máximo del 9% de óxido de etileno"
19522;1952;"Oxido de etileno y dióxido de carbono en mezcla con un contenido máximo del 9% de óxido de etileno"
19570;1957;"Deuterio comprimido"
19580;1958;"1,2-Dicloro, 1,1,2,2-tetrafluoroetano (R114)"
19581;1958;"1,2-Dicloro-1,1,2,2-tetrafluoretano (R114)"
19590;1959;"1,1-Difluoretileno (R 1132a)"
19610;1961;"Etano líquido refrigerado"
19620;1962;"Etileno comprimido"
19630;1963;"Helio líquido refrigerado"
19650;1965;"Butano (comercial): véase Mezcla A, AO"
19651;1965;"Mezcla A, AO, A1, B, C: ver Hidrocarburos gaseosos en mezcla licuada, n.e.p."
19652;1965;"Propano (comercial): ver mezcla C"
19660;1966;"Hidrógeno líquido refrigerado"
19690;1969;"Isobutano"
19700;1970;"Kripton líquido refrigerado"
19710;1971;"Gas natural, comprimido"
19711;1971;"Metano comprimido"
19722;1972;"Gas natural, líquido refrigerado."
19723;1972;"Metano líquido refrigerado"
19730;1973;"Clorodifluorometano y cloropentafluoretano en mezcla, con punto de ebullición permanente, con un contenido aproximado del 49% de clorodifluorometano (R502)"
19740;1974;"Bromoclorodifluormetano (R 12B1)"
19741;1974;"Clorodifluorbromometano"
19760;1976;"Octafluorociclobutano (RC 318)"
19770;1977;"Nitrógeno líquido refrigerado"
19780;1978;"Propano"
19790;1979;"Gases raros en mezcla, comprimidos"
19800;1980;"Gases raros y oxígeno en mezcla comprimidos"
19810;1981;"Gases raros y nitrógeno en mezcla, comprimidos"
19820;1982;"Tetrafluorometano comprimido (R14)"
19830;1983;"1-Cloro-2,2,2-Trifluoretano (R 133 a)"
19840;1984;"Trifluorometano (R 23)"
19900;1990;"Benzaldehido"
19910;1991;"Cloropreno inhibido"
19940;1994;"Hierro pentacarbonilo"
19990;1999;"Alquitranes líquidos"
20010;2001;"Naftenatos de cobalto en polvo"
20040;2004;"Diamida magnésica"
20050;2005;"Difenilmagnesio"
20080;2008;"Circonio, en polvo seco"
20140;2014;"Peróxido de hidrógeno en solución acuosa"
20150;2015;"Peróxido de hidrógeno en solución acuosa estabilizada"
20151;2015;"Peróxido de hidrógeno estabilizado"
20180;2018;"Cloroanilinas sólidas"
20190;2019;"Cloroanilinas líquidas"
20200;2020;"Cloro-fenoles sólidos"
20210;2021;"Cloro-fenoles líquidos"
20220;2022;"Acido cresílico"
20230;2023;"Epiclorhidrina"
20270;2027;"Arsenito de sodio sólido"
20300;2030;"Hidracina, soluciones acuosas de,"
20301;2030;"Hidrato de hidracina"
20310;2031;"Acido nítrico con más del 70% de ácido puro"
20311;2031;"Acido nítrico, con menosdel 70% de ácido puro"
20320;2032;"Acido nítrico fumante rojo"
20330;2033;"Monoxido de potasio"
20340;2034;"Hidrógeno y metano en mezcla comprimida"
20350;2035;"1,1,1-Trifluoretano (R143a)"
20360;2036;"Xenón comprimido"
20380;2038;"Dinitrotoluenos"
20440;2044;"2,2-Dimetilpropano"
20450;2045;"Isobutilaldehído"
20460;2046;"Cimenos (o-,m-,p-)"
20470;2047;"Dicloropropenos"
20480;2048;"Diciclopentadieno"
20490;2049;"Dietilbencenos (o-.m-,p-)"
20500;2050;"Diisobutileno, compuestos isomericos del"
20510;2051;"2-Dimetilaminoetanol"
20520;2052;"Dipenteno"
20530;2053;"Metilisobutilcarbinol"
20540;2054;"Morfolina"
20550;2055;"Estireno monomero estabilizado"
20560;2056;"Tetrahidrofurano"
20570;2057;"Tripropileno"
20580;2058;"Valerilaldehído"
20590;2059;"Nitrocelulosa, soluciones inflamables"
20670;2067;"Abonos a base de nitrato amónico- tipo A1"
20680;2068;"Abonos a base de nitrato amónico- tipo A2"
20690;2069;"Abonos a base de nitrato amónico- tipo A3"
20700;2070;"Abonos a base de nitrato amónico- tipo A4"
20730;2073;"Amoníaco en solución acuosa con más del 35% pero no más del 50% de amoníaco"
20740;2074;"Acrilamida"
20750;2075;"Cloral anhidro inhibido"
20760;2076;"Cresoles (o-, m-, p-)"
20770;2077;"alfa-Naftilamina"
20780;2078;"Diisocianato de tolueno"
20790;2079;"Dietilentriamina"
21870;2187;"Dióxido de carbono, líquido, refrigerado"
21890;2189;"Diclorosilano"
21910;2191;"Fluoruro de sulfurilo"
21930;2193;"Hexafluoretano comprimido (R 116)"
21970;2197;"Yoduro de hidrógeno anhidro"
22000;2200;"Propadieno inhibido"
22010;2201;"Hemióxido de nitrógeno fuertemente refrigerado"
22011;2201;"Oxido nitroso líquido, refrigerado"
22030;2203;"Silano comprimido"
22040;2204;"Sulfuro de carbonilo"
22050;2205;"Adiponitrilo"
22080;2208;"Hipoclorito cálcico en mezclas secas"
22090;2209;"Formaldehídos en solución"
22100;2210;"Maneb"
22101;2210;"Preparados de maneb"
22110;2211;"Polimero en bolitas dilatables"
22120;2212;"Asbesto azul (Crocidolita)"
22121;2212;"Asbesto marrón (Amosita, Mirosita)"
22130;2213;"Paraformaldehído"
22140;2214;"Anhídrido ftálico conteniendo más del 0,05% de anhídrido maleico"
22150;2215;"Anhídrido maleico"
22170;2217;"Torta oleaginosa"
22180;2218;"Acido acrílico inhibido"
22190;2219;"Eter alilglicidico"
22220;2222;"Anisol"
22240;2224;"Benzonitrilo"
22250;2225;"Cloruro de benzosulfonilo"
22260;2226;"Cloruro de bencilidina"
22270;2227;"Metacrilato de n-butilo"
22320;2232;"2-cloroetanal"
22330;2233;"Cloroanisidinas"
22340;2234;"Fluoruros de clorobencilidina (o-,m-,p-)"
22350;2235;"Cloruros de clorobencilo"
22360;2236;"Isocianato de 3-cloro-4-metilfenilo"
22370;2237;"Cloronitroanilinas"
22380;2238;"Clorotoluenos (o-.m-,p-)"
22390;2239;"Clorotoluidinas"
22400;2240;"Acido cromosulfúrico"
22410;2241;"Cicloheptano"
22420;2242;"Ciclohepteno"
22430;2243;"Acetato de ciclohexilo"
22440;2244;"Ciclopentanol"
22450;2245;"Ciclopentanona"
22460;2246;"Ciclopenteno"
22470;2247;"n-Decano"
22480;2248;"Di-n-Butilamina"
22500;2250;"Isocianato de diclorofenilo"
22510;2251;"2,5-norbornadieno (bicicloheptadieno) inhibido"
22520;2252;"1,2-Dimetoxietano"
22530;2253;"N,N-Dimetilanilina"
22560;2256;"Ciclohexeno"
22570;2257;"Potasio"
22580;2258;"1,2 Propilendiamina"
22590;2259;"Trietilentetramina"
22600;2260;"Tripropilamina"
22610;2261;"Xilenoles"
22620;2262;"Cloruro de dimetilcarbamoilo"
22630;2263;"Dimetilciclohexanos"
22640;2264;"Dimetilciclohexilamina"
22650;2265;"N, N-Dimetilformamida"
22660;2266;"Dimetil-N-N-propilamina"
22670;2267;"Cloruro de dimetiltiofosforilo"
22690;2269;"3,3-Iminobispropilamina"
22700;2270;"Etilamina, soluciones acuosas"
22710;2271;"Etilamilcetonas"
22720;2272;"N-Etilanilina"
22730;2273;"2-Etilanilina"
22740;2274;"N-Etil N-bencilanilina"
22750;2275;"2-Etil butanol"
22760;2276;"2-Etil hexilamina"
22770;2277;"Metacrilato de etilo"
22780;2278;"n-Hepteno"
22790;2279;"Hexaclorobutadieno"
22800;2280;"Hexametilendiamina sólida"
22810;2281;"Diisocianato de hexametileno"
22820;2282;"Hexanoles"
22830;2283;"Metacrilato de isobutilo inhibido"
22840;2284;"Isobutironitrilo"
22850;2285;"Fluoruros de isocianatobencilidina"
22860;2286;"Pentametilheptano"
22870;2287;"Isoheptenos"
22880;2288;"Isohexenos"
22890;2289;"Isoforondiamina"
22900;2290;"Diisocianato de isoforona"
22930;2293;"4-Metoxi-4metil-2-pentanona"
22940;2294;"N-Metilanilina"
22950;2295;"Cloroacetato de metilo"
22960;2296;"Metilciclohexano"
22970;2297;"Metilciclohexanonas"
22980;2298;"Metilciclopentano"
22990;2299;"Dicloroacetato de metilo"
23000;2300;"2-Metil-5-etilpiridina"
23010;2301;"2-Metilfurano"
23020;2302;"5-Metil-2-hexanona"
23030;2303;"Isopropenilbenceno"
23040;2304;"Naftaleno fundido"
23050;2305;"Acido nitrobenceno-sulfónico"
23060;2306;"Fluoruros de nitrobencilidina"
23070;2307;"Fluoruro de 3-nitro-4-cloro bencilidina"
23080;2308;"Acido nitrosilsulfúrico"
23090;2309;"Octadienos"
23100;2310;"2,4-Pentanodiona"
23110;2311;"Fenetidinas"
23120;2312;"Fenol fundido"
23130;2313;"Picolinas"
23150;2315;"Difenilos policlorados"
23170;2317;"Cuprocianuro sódico en solución"
23180;2318;"Hidrosulfuro de sodio"
23190;2319;"Hidrocarburos terpénicos, n.e.p."
23200;2320;"Tetraetilenpentamina"
23210;2321;"Triclorobenceno líquidos"
23220;2322;"Triclorobutenos"
23230;2323;"Fosfito trietílico"
23240;2324;"Triisobutileno"
23250;2325;"1,3,5 Trimetilbenceno"
23260;2326;"Trimetilciclohexilamina"
23270;2327;"Trimetilhexametilendiaminas"
23280;2328;"Diisocianato de trimetilhexametileno y mezclas isómeras"
23290;2329;"Fosfito trimetílico"
23300;2330;"Undecano"
23310;2331;"Cloruro de zinc anhidro"
23320;2332;"Acetaldoxima"
23330;2333;"Acetato de alilo"
23340;2334;"Alilamina"
23350;2335;"Eter aliletílico"
23360;2336;"Formiato de alilo"
23370;2337;"Fenilmercaptano"
23380;2338;"Fluoruro de bencilidina"
23390;2339;"2- Bromo Butano"
23400;2340;"Eter 2-bromoetietílico"
23410;2341;"1-Bromo-3 Metil Butano"
23420;2342;"Bromometilpropanos"
23430;2343;"2-Bromo-pentano"
23440;2344;"Bromopropanos"
23450;2345;"3-Bromopropino"
23460;2346;"Butanodiona"
23470;2347;"Butilmercaptano"
23480;2348;"Acrilatos de butilo inhibidos"
23500;2350;"Eter butilmetílico"
23510;2351;"Nitritos de butilo"
23520;2352;"Eter butilvinílico inhibido"
23530;2353;"Cloruro de butirilo"
23540;2354;"Eter clorometiletílico"
23560;2356;"2-Cloro Propano"
23570;2357;"Ciclohexilamina"
23580;2358;"Ciclooctatetraeno"
23590;2359;"Dialilamina"
23600;2360;"Eter dialílico"
23610;2361;"Diisobutilamina"
23620;2362;"1,1-Dicloroetano"
23630;2363;"Etilmercaptano"
23640;2364;"n-Propilbenceno"
23660;2366;"Carbonato de etilo"
23670;2367;"alfa-Metilvaleraldehido"
23680;2368;"alfa-pineno"
23700;2370;"1-Hexeno"
23710;2371;"Isopentenos"
23720;2372;"1,2-Di-(dimetilamino) etano"
23730;2373;"Dietoximetano"
23740;2374;"3,3-Dietoxi-propeno"
23750;2375;"Sulfuro de etilo"
23760;2376;"2,3-Dihidro pirano"
23770;2377;"1,1-Dimetoxietano"
23780;2378;"Dimetilaminoacetonitrilo"
23790;2379;"1,3-Dimetilbutilamina"
23800;2380;"Dimetildietoxisilano"
23810;2381;"Disulfuro dimetílico"
23820;2382;"Dimetil hidracina simétrica"
23830;2383;"Dipropilamina"
23840;2384;"Eter n- propílico"
23850;2385;"Isobutirato de etilo"
23860;2386;"1-Etil piperidina"
23870;2387;"Fluorobenceno"
23880;2388;"Fluorotoluenos"
23890;2389;"Furano"
23900;2390;"2-Yodo butano"
23910;2391;"Yodometilpropanos"
23920;2392;"Yodopropanos"
23930;2393;"Formiato de isobutilo"
23940;2394;"Propionato de isobutilo"
23950;2395;"Cloruro de isobutirilo"
23960;2396;"Metacrilaldehido inhibido"
23970;2397;"3-Metil-2-butanona"
23980;2398;"Eter metil terbutílico"
23990;2399;"1-Metilo piperidina"
24000;2400;"Isovalerianato de metilo"
24010;2401;"Piperidina"
24020;2402;"Propanotioles"
24030;2403;"Acetato de isopropenilo"
24040;2404;"Propionitrilo"
24050;2405;"Butirato de isopropilo"
24060;2406;"Isobutirato de isopropilo"
24090;2409;"Propionato de isopropilo"
24100;2410;"1,2,3,6-Tetrahidropiridina"
24110;2411;"Butironitrilo"
24120;2412;"Tetrahidrotiofeno"
24130;2413;"Ortotitanato propílico"
24140;2414;"Tiofeno"
24160;2416;"Borato trimetílico"
24170;2417;"Fluoruro de carbonilo comprimido"
24190;2419;"Bromotrifluoretileno"
24200;2420;"Hexafluoracetona"
24220;2422;"2-Octafluorobuteno (R 1318)"
24240;2424;"Octafluoropropano (R 218)"
24260;2426;"Nitrato amónico líquido, (en solución caliente concentrada)"
24270;2427;"Clorato potásico, en soluciones acuosas"
24280;2428;"Clorato sódico en soluciones acuosas"
24290;2429;"Clorato de calcio, en soluciones acuosas"
24310;2431;"Anisidinas"
24320;2432;"N, N-Dietilanilina"
24330;2433;"Cloronitrotoluenos"
24340;2434;"Dibencildiclorosilano"
24350;2435;"Etilfenildiclorosilano"
24360;2436;"Acido tioacético"
24370;2437;"Metilfenildiclorosilano"
24380;2438;"Cloruro de trimetilacetilo"
24390;2439;"Hidrogenodifluoruro de sodio"
24400;2440;"Cloruro de estaño pentahidratado"
24420;2442;"Cloruro de tricloracetilo"
24430;2443;"Oxitricloruro de vanadio"
24440;2444;"Tetracloruro de vanadio"
24450;2445;"Alquillitios"
24460;2446;"Nitrocresoles"
24470;2447;"Fósforo blanco o amarillo fundido"
24480;2448;"Azufre en estado fundido"
24510;2451;"Trifluoruro de nitrógeno, comprimido"
24520;2452;"Etilacetileno inhibido"
24530;2453;"Fluoruro de etilo (R 161)"
24540;2454;"Fluoruro de metilo (R 41)"
24560;2456;"2-Cloro propeno"
24570;2457;"2,3-Dimetilbutano"
24580;2458;"Hexadienos"
24590;2459;"2-Metil-1-buteno"
24600;2460;"2-Metil-2-buteno"
24610;2461;"Metilpentadienos"
24640;2464;"Nitrato de berilio"
24650;2465;"Acido dicloroisocianúrico seco"
24651;2465;"Acido dicloroisocianúrico, sales del"
24680;2468;"Acido tricloroisocianúrico, seco"
24690;2469;"Bromato de zinc"
24700;2470;"Fenilacetonitrilo líquido"
24730;2473;"Arsalinato sódico"
24740;2474;"Tiofosgeno"
24750;2475;"Tricloruro de vanadio"
24770;2477;"Isotiocianato de metilo"
24820;2482;"Isocianato de n-propilo"
24830;2483;"Isocianato de isopropilo"
24840;2484;"Isocianato de terc-butilo"
24850;2485;"Isocianato de n-butilo"
24860;2486;"Isocianato de isobutilo"
24870;2487;"Isocianato de fenilo"
24880;2488;"Isocianato de ciclohexilo"
24900;2490;"Eter dicloroisopropílico"
24910;2491;"Etanolamina o Etanolamina en solución"
24930;2493;"Hexametilenimina"
24950;2495;"Pentafluoruro de yodo"
24960;2496;"Anhídrido propiónico"
24980;2498;"1,2,3,6-Tetrahidrobenzaldehído"
25010;2501;"Oxido de tri-(1-aziridinil) fosfina en solución"
25020;2502;"Cloruro de valerilo"
25030;2503;"Tetracloruro de circonio"
25040;2504;"Tetrabromometano"
25050;2505;"Fluoruro de amonio"
25060;2506;"Bisulfato ácido de amonio"
25070;2507;"Acido cloroplatínico sólido"
25080;2508;"Pentacloruro de molibdeno"
25090;2509;"Bisulfato ácido de potasio"
25110;2511;"Acido 2-cloro propiónico"
25120;2512;"Aminofenoles (o-,m-,p-)"
25130;2513;"Bromuro de bromoacetilo"
25140;2514;"Bromobenceno"
25150;2515;"Bromoformo"
25160;2516;"Tetrabromuro de carbono"
25170;2517;"1-Cloro-1,1-difluoretano (R142 b)"
25171;2517;"1-Cloro-1, 1-difluoretano (r 142b)"
25180;2518;"1,5,9-Ciclododecatrieno"
25200;2520;"Ciclooctadienos"
25210;2521;"Diceteno inhibido"
25220;2522;"Metacrilato de 2-dimetilaminoetilo"
25240;2524;"Ortoformiato de etilo"
25250;2525;"Oxalato de etilo"
25260;2526;"Furfurilamina"
25270;2527;"Acrilato de isobutilo inhibido"
25280;2528;"Isobutirato de isobutilo"
25290;2529;"Acido isobutírico"
25300;2530;"Anhidrído isobutírico"
25310;2531;"Acido metacrílico inhibido"
25330;2533;"Tricloroacetato de metilo"
25350;2535;"4-Metilmorfolina (N-metilmorfolina)"
25360;2536;"Metiltetrahidrofurano"
25380;2538;"Nitronaftaleno"
25410;2541;"Terpinoleno"
25420;2542;"Tributilamina"
25450;2545;"Hafnio en polvo seco"
25460;2546;"Titanio, en polvo seco"
25520;2552;"Hidrato de hexafluoracetona"
25540;2554;"Cloruro de metilalilo"
25580;2558;"Epibromhidrina"
25600;2560;"2-metil 2-pentanol"
25610;2561;"3-Metil-1-buteno"
25640;2564;"Acido tricloracético en solución"
25641;2564;"Acido tricloracético, soluciones de"
25650;2565;"Diciclohexilamina"
25670;2567;"Pentaclorofenato de sodio"
25710;2571;"Acidos alquil sulfuricos"
25720;2572;"Fenilhidracina"
25730;2573;"Clorato de talio"
25740;2574;"Fosfato tricresilico, con mas del 3% de isomero orto"
25760;2576;"Oxibromuro de fósforo fundido"
25770;2577;"Cloruro de fenilacetilo"
25780;2578;"Trióxido de fósforo"
25790;2579;"Piperacina"
25800;2580;"Bromuro de aluminio, solución"
25810;2581;"Cloruro de aluminio, solución"
25820;2582;"Cloruro férrico, solución"
25830;2583;"Acidos alquil sulfónicos sólidos"
25831;2583;"Acidos arilsulfonicos solidos"
25840;2584;"Acidos alquil sulfónicos líquidos"
25841;2584;"Acidos arilsulfonicos liquidos"
25850;2585;"Acidos alquil sulfónicos sólidos"
25851;2585;"Acidos arilsulfónicos, sólidos"
25860;2586;"Acidos alquil sulfónicos líquidos"
25861;2586;"Acidos arilsulfonicos liquidos"
25870;2587;"Benzoquinona"
25890;2589;"Cloroacetato de vinilo"
25900;2590;"Asbesto blanco (Crisotilo, Actinolita, Anthofilita, Tremolita)"
25910;2591;"Xenón, líquido refrigerado"
25990;2599;"Cloritrifluorometano y trifluorometano en mezcla azeotrópica, con un contenido aproximado del 60% de clorotrifluorometano (R503)"
26000;2600;"Gas ciudad"
26001;2600;"Gas de agua"
26002;2600;"Gas de síntesis"
26003;2600;"Monóxido de carbono e hidrógeno en mezcla comprimida"
26010;2601;"Ciclobutano"
26020;2602;"Diclorodifluorometano y 1,1-difluoretano en mezcla azeotrópica, con un contenido aproximado del 74% de diclorodifluorometano (R 500)"
26030;2603;"Cicloheptatrieno"
26040;2604;"Dietileterato de trifluoruro de boro"
26050;2605;"Isocianato de metoximetilo"
26060;2606;"Ortosilicato de metilo"
26070;2607;"Acroleína dímera estabilizada"
26080;2608;"Nitropropanos"
26090;2609;"Borato trialílico"
26100;2610;"Trialilamina"
26110;2611;"Clorhidrina propilénica"
26120;2612;"Eter metil propíl"
26140;2614;"Alcohol metalílico"
26150;2615;"Eter etil propíl"
26160;2616;"Borato de triisopropilo"
26170;2617;"Metilciclohexanoles"
26180;2618;"Viniltolueno inhibido (o-,m-,p-)"
26190;2619;"Bencildimetilamina"
26200;2620;"Butiratos de amilo"
26210;2621;"Acetilmetilcarbinol"
26220;2622;"Glicidaldehído"
26240;2624;"Siliciuro de magnesio"
26260;2626;"Acido clórico, solución acuosa"
26280;2628;"Fluoracetato de potasio"
26290;2629;"Fluoracetato de sodio"
26420;2642;"Acido fluoroacetico"
26430;2643;"Bromoacetato de metilo"
26440;2644;"Yoduro de metilo"
26450;2645;"Bromuro de fenacilo"
26460;2646;"Hexaclorociclopentadieno"
26470;2647;"Malonitrilo"
26480;2648;"1,2-Dibromo-3-Butanona"
26490;2649;"1,3-Dicloroacetona"
26500;2650;"1,1-Dicloro, 1-nitro etano"
26510;2651;"4.4-Diaminodifenilmetano"
26530;2653;"Yoduro de bencilo"
26550;2655;"Fluorsilicato de potasio"
26560;2656;"Quinoleína"
26570;2657;"Disulfuro de selenio"
26590;2659;"Cloroacetato de sodio"
26600;2660;"Nitrotoluidinas (mono)"
26610;2661;"Hexacloroacetona"
26620;2662;"Hidroquinona"
26640;2664;"Dibromometano"
26660;2666;"Cianacetato de etilo"
26670;2667;"Butiltoluenos"
26680;2668;"Cloroacetonitrilo"
26690;2669;"Clorocresoles"
26700;2670;"Cloruro cianúrico"
26710;2671;"Aminopiridinas (o-,m-,p-)"
26720;2672;"Amoníaco en solución, con un mínimo de 10% y máximo 35% de amoníaco"
26730;2673;"2-amino-4-clorofenol"
26740;2674;"Fluorsilicato de sodio"
26770;2677;"Hidróxido rubídico en solución"
26780;2678;"Hidróxido de rubidio"
26790;2679;"Hidróxido de litio en solución"
26800;2680;"Hidróxido de litio monohidratado"
26810;2681;"Hidróxido de cesio, solución"
26820;2682;"Hidróxido de cesio"
26830;2683;"Sulfuro de amonio en solución"
26840;2684;"Dietilaminopropilamina"
26850;2685;"N, N-Dietiletilendiamina"
26860;2686;"Dietilaminoetanol"
26870;2687;"Nitrito de diciclo-hexilamonio"
26880;2688;"1-Bromo-3 Cloro Propano"
26890;2689;"alfa-Monoclorohidrina de glicerol"
26900;2690;"N-n-Butilimidazol"
26910;2691;"Pentabromuro de fosforo"
26920;2692;"Tribromuro de boro"
26980;2698;"Anhídrido tetrahidroftálico, con mas del 0,05% de anhídrido maleico"
26990;2699;"Acido trifluoracético"
27050;2705;"1-Pentol"
27070;2707;"Dimetildioxanos"
27090;2709;"Butilbencenos"
27100;2710;"Dipropilcetona"
27130;2713;"Acridina"
27140;2714;"Resinato de zinc"
27150;2715;"Resinato de alumínio"
27160;2716;"1,4 Bitinodiol"
27170;2717;"Alcanfor sintético"
27190;2719;"Bromato de bario"
27200;2720;"Nitrato crómico"
27210;2721;"Clorato de cobre"
27220;2722;"Nitrato de litio"
27230;2723;"Clorato magnésico"
27240;2724;"Nitrato de manganeso"
27250;2725;"Nitrato de niquel"
27260;2726;"Nitrito de niquel"
27270;2727;"Nitrato de talío"
27280;2728;"Nitrato de circonio"
27290;2729;"Hexaclorobenceno"
27300;2730;"Nitranisol"
27320;2732;"Nitrobromobenceno"
27380;2738;"n-Butilanilina"
27390;2739;"Anhídrido butírico"
27400;2740;"Cloroformiato de n-propilo"
27410;2741;"Hipoclorito bárico"
27430;2743;"Cloroformiato de n-butilo"
27440;2744;"Cloroformiato de ciclobutilo"
27450;2745;"Cloroformiato de clorometilo"
27460;2746;"Cloroformiato de fenilo"
27470;2747;"Cloroformiato de terc-butilciclohexilo"
27480;2748;"Cloroformiato de etil, 2 hexilo"
27490;2749;"Tetrametilsilano"
27500;2750;"1,3-Dicloro, 2-propanol"
27510;2751;"Cloruro de dietiltiofosforilo"
27520;2752;"1,2-Epoxi 3-etoxi propano"
27530;2753;"N-Etilbenziltoluidinas"
27540;2754;"N-Etiltoluidinas"
27850;2785;"3-Metiltiopropanal"
27851;2785;"4-Tiapentanal"
27890;2789;"Acido acético en solución con más del 80%, en masa, de ácido"
27891;2789;"Acido acético glacial"
27900;2790;"Acido acético con el 50 a 80% de ácido puro"
27901;2790;"Acido acético en solución con más del 25%, pero menos del 50% de ácido"
27930;2793;"Virutas, torneaduras o raspaduras de metales ferrosos"
27940;2794;"Acumuladores eléctricos de electrolito líquido ácido"
27950;2795;"Acumuladores eléctricos de electrolito líquido alcalino"
27960;2796;"Acido sulfúrico con menos del 51% de ácido"
27961;2796;"Electrolíto ácido para baterias"
27970;2797;"Electrolíto alcalino para acumuladores"
27980;2798;"Diclorofenilfosfina"
27990;2799;"Tiodiclorofenilfosfina"
28000;2800;"Acumuladores eléctricos no derramables de electrolito líquido"
28020;2802;"Cloruro de cobre"
28030;2803;"Galio"
28050;2805;"Hidruro de litio fundido, sólido"
28090;2809;"Mercurio"
28150;2815;"N-Aminoetilpiperacina"
28170;2817;"Dihidrofluoruro de amonio en solución"
28180;2818;"Polisulfuro de amonio en solución"
28190;2819;"Fosfato ácido de amilo"
28200;2820;"Acido butírico"
28210;2821;"Fenol en solución"
28220;2822;"2-Cloro piridina"
28230;2823;"Acido crotónico"
28260;2826;"Clorotioformiato de etilo"
28290;2829;"Acido capróico"
28300;2830;"Litioferrosilicio"
28310;2831;"1,1,1-Tricloroetano"
28340;2834;"Acido fosforoso"
28350;2835;"Hidruro sódico alumínico"
28370;2837;"Bisulfatos, soluciones acuosas de"
28380;2838;"Butirato de vinilo inhibido"
28390;2839;"Aldol"
28400;2840;"Butiraldoxima"
28410;2841;"Di-n-amilamina"
28420;2842;"Nitroetano"
28440;2844;"Calciomanganeso silicio"
28490;2849;"3-Cloro-1-propanol"
28500;2850;"Tetramero del propileno"
28510;2851;"Trifluoruro de boro dihidratado"
28530;2853;"Fluorsilicato de magnesio"
28540;2854;"Fluorsilicato de amonio"
28550;2855;"Fluorsilicato de cinc"
28580;2858;"Circonio seco"
28590;2859;"Metavanadato amónico"
28610;2861;"Polivanadato amónico"
28620;2862;"Pentóxido de vanadio"
28630;2863;"Vanadato de sodio y amonio"
28640;2864;"Metavanadato potásico"
28650;2865;"Sulfato de hidroxilamina"
28690;2869;"Mezclas de tricloruro de titanio"
28700;2870;"Borohidruro alumínico o Borohidruro en dispositivos"
28710;2871;"Antimonio en polvo"
28720;2872;"Dibromo-cloro propanos"
28730;2873;"Dibutilaminoetanol"
28740;2874;"Alcohol furfurílico"
28750;2875;"Hexaclorofeno"
28760;2876;"Resorcinol"
28780;2878;"Titanio, esponja de, en gránulos o en polvo"
28790;2879;"Oxicloruro de selenio"
28800;2880;"Hipoclorito cálcico en mezcla hidratada"
28801;2880;"Hipoclorito cálcico hidratado"
28810;2881;"Catalizador de metal seco"
29010;2901;"Cloruro de bromo"
29040;2904;"Clorofenolatos líquidos"
29041;2904;"Fenolatos líquidos"
29050;2905;"Clorofenolatos sólidos"
29051;2905;"Fenolatos sólidos"
29310;2931;"Sulfato de vanadilo"
29330;2933;"2-Cloropropionato de metilo"
29340;2934;"2-Cloropropionato de isopropilo"
29350;2935;"2-Cloropropionato de etilo"
29360;2936;"Acido tiolactico"
29370;2937;"Alcohol alfa-metilbencilico"
29400;2940;"Ciclooctadieno fosfinas (9-Fosfabiciclononanos)"
29401;2940;"9-Fosfabiciclononanos (Fosfinas de ciclooctadieno)"
29410;2941;"Fluoranilinas"
29420;2942;"2-trifluometilanilina"
29430;2943;"Tetrahidrofurfurilamina"
29450;2945;"N-metilbutilamina"
29460;2946;"2-amino 5-dietilaminopentano"
29470;2947;"Cloroacetato de isopropilo"
29480;2948;"3-trifluometilanilina"
29490;2949;"Hidrogenosulfuro de sodio hidratado"
29500;2950;"Gránulos de magnesio, recubiertos"
29650;2965;"Dimetileterato de trifluoruro de boro"
29660;2966;"Tioglicol"
29670;2967;"Acido sulfámico"
29680;2968;"Maneb, preparados estabilizados"
29681;2968;"Preparados de maneb, estabilizados"
29690;2969;"Harina de ricino"
29691;2969;"Ricino en copos"
29692;2969;"Semillas de ricino"
29693;2969;"Tortas de ricino"
29800;2980;"Nitrato de uranilo en solución hexahídratado"
29830;2983;"Oxido de etileno y óxido de propileno en mezcla"
29840;2984;"Peróxido de hidrógeno en solución acuosa"
29890;2989;"Fosfito dibásico de plomo"
30220;3022;"Oxido de 1,2- butileno, estabilizado"
30230;3023;"2-Metilo -2-hectanotiol"
30231;3023;"Octilmercaptan-terc"
30280;3028;"Acumuladores eléctricos secos que contengan hidróxido potásico sólido"
30510;3051;"Alquilaluminios"
30520;3052;"Halogenuros de alquilos de aluminio"
30530;3053;"Alquilmagnésios"
30540;3054;"Ciclohexilmercaptano"
30550;3055;"(2-amino étoxi) 2- etanol"
30560;3056;"N-heptaldehido"
30570;3057;"Cloruro de trifluoracetilo"
30650;3065;"Bebidas alcohólicas conteniendo más del 24% pero menos del 70% en volúmen de alcohol"
30651;3065;"Bebidas alcohólicas conteniendo más del 70% en volúmen de alcohol"
30660;3066;"Pinturas o productos para pinturas"
30700;3070;"Oxido de etileno y diclorodifluorometano en mezcla"
30730;3073;"Vinilpiridinas inhibidas"
30760;3076;"Hidruros de alquilos de aluminio"
30780;3078;"Cerio"
30790;3079;"Metacrilonitrilo inhibido"
30830;3083;"Fluoruro de perclorilo"
30920;3092;"1-Metoxi-2-propanol"
31360;3136;"Trifluorometano líquido refrigerado"
31380;3138;"Etileno, acetileno y propileno en mezcla líquida refrigerada"
31490;3149;"Peróxido de hidrógeno y ácido peroxiacético, en mezcla estabilizada"
31510;3151;"Difenilos polihalogenados líquidos"
31511;3151;"Terfeinilos polihalogenados líquidos"
31520;3152;"Difenilos polihalogenados sólidos"
31521;3152;"Terfenilos polihalogenados sólidos"
31530;3153;"Perfluoro (eter etilvinílico"
31540;3154;"Perfluoro (eter metilvinílico)"
31550;3155;"Pentaclorofenol"
31590;3159;"1,1,1,2-Tetrafluoretano (R 134a)"
31700;3170;"Subproductos de la fabricación del aluminio o subproductos del tratamiento del aluminio"
31740;3174;"Disulfuro de titanio"
32200;3220;"Pentafluoretano (R 125)"
32460;3246;"Cloruro de metanosulfonilo"
32470;3247;"Peroxoborato sódico anhidro"
32500;3250;"Acido cloroacetico, fundido"
32520;3252;"Difluorometano (R 32)"
32530;3253;"Trioxosilicato de disodio"
32930;3293;"Hidracina, en solución acuosa"
32940;3294;"Cianuro de hidrógeno en solución alcohólica"
32960;3296;"Heptafluoropropano (R 227)"
32970;3297;"Oxido de etileno y clorotetrafluoretano en mezcla"
32980;3298;"Oxido de etileno y pentafluoretano en mezcla"
32990;3299;"Oxido de etileno y tetrafluoretano en mezcla"
33000;3300;"Oxido de etileno y dióxido de carbono en mezcla"
33020;3302;"Acrilato de 2-dimetilaminoetilo"
33130;3313;"Pigmentos orgánicos, sometidos a autocalentamiento espontáneo"
33140;3314;"Materia plástica para moldeado"
33180;3318;"Amoniaco en solución acuosa con más del 50% de amoniaco"
33200;3320;"Borohidruro sódico y solución de Hidróxido sódico con no más del 12% de borohidruro sódico y no más de 40%, en masa, de hidróxido sódico"
33360;3336;"Mercaptanos líquidos, inflamables, n.e.p. o mezclas de mercaptanos líquidas, inflamables, n.e.p."
33370;3337;"Gas refrigerante R 404A"
33380;3338;"Gas refrigerante R 407A"
33390;3339;"Gas refrigerante R 407B"
33400;3340;"Gas refrigerante R 407C"
33410;3341;"Dióxido de tiourea"
33420;3342;"Xantatos"
33450;3345;"Plaguicida derivado del ácido fenoxiacético, sólido tóxico"
33460;3346;"Plaguicida derivado del ácido fenoxiacético, líquido, inflamable, tóxico"
33470;3347;"Plaguicida derivado del ácido fenoxiacético, líquido, tóxico, inflamable"
33480;3348;"Plaguicida derivado del ácido fenoxiacético, líquido, tóxico"
33490;3349;"Plaguicida piretroideo sólido, tóxico"
33500;3350;"Plaguicida piretroideo inflamable, tóxico"
33510;3351;"Plaguicida piretroideo tóxico, inflamable"
33520;3352;"Plaguicida piretroideo líquido, tóxico"
33540;3354;"Gas insecticida inflamable, n.e.p."
33550;3355;"Gas insecticida tóxico, inflamable, n.e.p."
